model_short,condition,item_id,family,baseline_stable,byte_equal,token_equal,common_token_prefix,first_divergent_token,normalized_char_edit_similarity,length_difference_tokens,baseline_correct,mtp_correct
12b,n6,gsm8k-000,gsm8k,True,True,True,112,,1.0,0,True,True
12b,n6,gsm8k-001,gsm8k,True,False,False,15,15.0,0.37993235625704624,31,True,True
12b,n6,gsm8k-002,gsm8k,True,False,False,113,113.0,0.9547826086956521,-14,True,True
12b,n6,gsm8k-003,gsm8k,True,False,False,116,116.0,0.9887640449438202,3,True,True
12b,n6,gsm8k-004,gsm8k,True,True,True,147,,1.0,0,True,True
12b,n6,gsm8k-005,gsm8k,True,False,False,45,45.0,0.9155124653739612,-17,True,True
12b,n6,gsm8k-006,gsm8k,True,True,True,172,,1.0,0,True,True
12b,n6,gsm8k-007,gsm8k,True,False,False,12,12.0,0.9899244332493703,0,True,True
12b,n6,gsm8k-008,gsm8k,True,False,False,59,59.0,0.8610603290676417,3,True,True
12b,n6,gsm8k-009,gsm8k,True,False,False,170,170.0,0.5546367395156526,0,False,False
12b,n6,gsm8k-010,gsm8k,True,True,True,182,,1.0,0,True,True
12b,n6,gsm8k-011,gsm8k,True,False,False,11,11.0,0.7428571428571429,5,True,True
12b,n6,gsm8k-012,gsm8k,True,False,False,12,12.0,0.8492063492063492,35,True,True
12b,n6,gsm8k-013,gsm8k,True,True,True,158,,1.0,0,True,True
12b,n6,gsm8k-014,gsm8k,True,True,True,303,,1.0,0,True,True
12b,n6,gsm8k-015,gsm8k,True,False,False,103,103.0,0.9786324786324786,0,True,True
12b,n6,gsm8k-016,gsm8k,True,False,False,139,139.0,0.9540983606557377,8,False,False
12b,n6,gsm8k-017,gsm8k,True,True,True,133,,1.0,0,True,True
12b,n6,gsm8k-018,gsm8k,True,False,False,10,10.0,0.9903381642512077,-1,True,True
12b,n6,gsm8k-019,gsm8k,True,False,False,43,43.0,0.9596774193548387,-2,True,True
12b,n6,gsm8k-020,gsm8k,True,False,False,130,130.0,0.6798107255520505,62,True,True
12b,n6,gsm8k-021,gsm8k,True,False,False,26,26.0,0.6672077922077921,-5,True,True
12b,n6,gsm8k-022,gsm8k,True,False,False,123,123.0,0.9547325102880658,0,True,True
12b,n6,gsm8k-023,gsm8k,True,False,False,3,3.0,0.8534201954397393,26,True,True
12b,n6,gsm8k-024,gsm8k,True,True,True,167,,1.0,0,True,True
12b,n6,gsm8k-025,gsm8k,True,True,True,195,,1.0,0,True,True
12b,n6,gsm8k-026,gsm8k,True,True,True,320,,1.0,0,True,True
12b,n6,gsm8k-027,gsm8k,True,False,False,19,19.0,0.5638536221060493,80,True,True
12b,n6,gsm8k-028,gsm8k,True,False,False,50,50.0,0.6777546777546777,7,True,True
12b,n6,gsm8k-029,gsm8k,True,True,True,92,,1.0,0,True,True
12b,n6,gsm8k-030,gsm8k,True,True,True,224,,1.0,0,True,True
12b,n6,gsm8k-031,gsm8k,True,False,False,8,8.0,0.9071518193224593,31,True,True
12b,n6,gsm8k-032,gsm8k,True,False,False,110,110.0,0.9663341645885287,-14,True,True
12b,n6,gsm8k-033,gsm8k,True,True,True,277,,1.0,0,True,True
12b,n6,gsm8k-034,gsm8k,True,False,False,387,387.0,0.9406548431105047,15,True,True
12b,n6,gsm8k-035,gsm8k,True,False,False,100,100.0,0.5932080924855492,19,True,False
12b,n6,gsm8k-036,gsm8k,True,True,True,168,,1.0,0,True,True
12b,n6,gsm8k-037,gsm8k,True,False,False,18,18.0,0.5952542372881355,75,True,False
12b,n6,gsm8k-038,gsm8k,True,False,False,9,9.0,0.4097387173396675,48,False,True
12b,n6,gsm8k-039,gsm8k,True,True,True,480,,1.0,0,True,True
12b,n6,gsm8k-040,gsm8k,True,False,False,10,10.0,0.9159891598915989,-8,True,True
12b,n6,gsm8k-041,gsm8k,True,True,True,148,,1.0,0,True,True
12b,n6,gsm8k-042,gsm8k,True,False,False,168,168.0,0.9940828402366864,-3,True,True
12b,n6,gsm8k-043,gsm8k,True,True,True,204,,1.0,0,True,True
12b,n6,gsm8k-044,gsm8k,True,False,False,11,11.0,0.6623563218390804,-10,True,True
12b,n6,gsm8k-045,gsm8k,True,True,True,183,,1.0,0,True,True
12b,n6,gsm8k-046,gsm8k,True,True,True,161,,1.0,0,True,True
12b,n6,gsm8k-047,gsm8k,True,True,True,139,,1.0,0,True,True
12b,n6,gsm8k-048,gsm8k,True,False,False,41,41.0,0.9084745762711864,-13,True,True
12b,n6,gsm8k-049,gsm8k,True,True,True,143,,1.0,0,True,True
12b,n6,gsm8k-050,gsm8k,True,False,False,54,54.0,0.6988416988416988,11,False,False
12b,n6,gsm8k-051,gsm8k,True,True,True,207,,1.0,0,True,True
12b,n6,gsm8k-052,gsm8k,True,False,False,12,12.0,0.47876857749469215,2,True,True
12b,n6,gsm8k-053,gsm8k,True,False,False,143,143.0,0.9968602825745683,0,True,True
12b,n6,gsm8k-054,gsm8k,True,False,False,208,208.0,0.7930660888407367,-66,True,True
12b,n6,gsm8k-055,gsm8k,True,False,False,99,99.0,0.9870759289176091,0,True,True
12b,n6,gsm8k-056,gsm8k,True,True,True,235,,1.0,0,True,True
12b,n6,gsm8k-057,gsm8k,True,True,True,218,,1.0,0,True,True
12b,n6,gsm8k-058,gsm8k,True,False,False,16,16.0,0.9446107784431138,3,True,True
12b,n6,gsm8k-059,gsm8k,True,False,False,116,116.0,0.7956043956043957,27,True,True
12b,n6,mmlu_pro-000,mmlu_pro,True,True,True,5,,1.0,0,False,False
12b,n6,mmlu_pro-001,mmlu_pro,True,True,True,5,,1.0,0,False,False
12b,n6,mmlu_pro-002,mmlu_pro,True,True,True,5,,1.0,0,False,False
12b,n6,mmlu_pro-003,mmlu_pro,True,False,False,4,4.0,0.9333333333333333,0,True,False
12b,n6,mmlu_pro-004,mmlu_pro,True,True,True,5,,1.0,0,True,True
12b,n6,mmlu_pro-005,mmlu_pro,True,True,True,5,,1.0,0,False,False
12b,n6,mmlu_pro-006,mmlu_pro,True,True,True,5,,1.0,0,True,True
12b,n6,mmlu_pro-007,mmlu_pro,True,True,True,5,,1.0,0,True,True
12b,n6,mmlu_pro-008,mmlu_pro,True,True,True,5,,1.0,0,False,False
12b,n6,mmlu_pro-009,mmlu_pro,True,True,True,5,,1.0,0,True,True
12b,n6,mmlu_pro-010,mmlu_pro,True,True,True,5,,1.0,0,True,True
12b,n6,mmlu_pro-011,mmlu_pro,True,True,True,5,,1.0,0,False,False
12b,n6,mmlu_pro-012,mmlu_pro,True,True,True,5,,1.0,0,False,False
12b,n6,mmlu_pro-013,mmlu_pro,True,True,True,5,,1.0,0,True,True
12b,n6,mmlu_pro-014,mmlu_pro,True,True,True,5,,1.0,0,True,True
12b,n6,mmlu_pro-015,mmlu_pro,True,True,True,5,,1.0,0,True,True
12b,n6,mmlu_pro-016,mmlu_pro,True,True,True,5,,1.0,0,True,True
12b,n6,mmlu_pro-017,mmlu_pro,True,True,True,5,,1.0,0,False,False
12b,n6,mmlu_pro-018,mmlu_pro,True,True,True,5,,1.0,0,False,False
12b,n6,mmlu_pro-019,mmlu_pro,True,True,True,5,,1.0,0,False,False
12b,n6,mmlu_pro-020,mmlu_pro,True,True,True,5,,1.0,0,False,False
12b,n6,mmlu_pro-021,mmlu_pro,True,True,True,5,,1.0,0,False,False
12b,n6,mmlu_pro-022,mmlu_pro,True,True,True,5,,1.0,0,True,True
12b,n6,mmlu_pro-023,mmlu_pro,True,True,True,5,,1.0,0,True,True
12b,n6,mmlu_pro-024,mmlu_pro,True,True,True,5,,1.0,0,True,True
12b,n6,mmlu_pro-025,mmlu_pro,True,True,True,5,,1.0,0,True,True
12b,n6,mmlu_pro-026,mmlu_pro,True,True,True,5,,1.0,0,True,True
12b,n6,mmlu_pro-027,mmlu_pro,True,True,True,5,,1.0,0,True,True
12b,n6,mmlu_pro-028,mmlu_pro,True,True,True,5,,1.0,0,True,True
12b,n6,mmlu_pro-029,mmlu_pro,True,True,True,5,,1.0,0,True,True
12b,n6,mmlu_pro-030,mmlu_pro,True,True,True,5,,1.0,0,True,True
12b,n6,mmlu_pro-031,mmlu_pro,True,True,True,5,,1.0,0,True,True
12b,n6,mmlu_pro-032,mmlu_pro,True,True,True,5,,1.0,0,True,True
12b,n6,mmlu_pro-033,mmlu_pro,True,True,True,5,,1.0,0,True,True
12b,n6,mmlu_pro-034,mmlu_pro,True,True,True,5,,1.0,0,False,False
12b,n6,mmlu_pro-035,mmlu_pro,True,True,True,5,,1.0,0,True,True
12b,n6,mmlu_pro-036,mmlu_pro,True,True,True,5,,1.0,0,True,True
12b,n6,mmlu_pro-037,mmlu_pro,True,True,True,5,,1.0,0,False,False
12b,n6,mmlu_pro-038,mmlu_pro,True,True,True,5,,1.0,0,True,True
12b,n6,mmlu_pro-039,mmlu_pro,True,True,True,5,,1.0,0,True,True
12b,n6,mmlu_pro-040,mmlu_pro,True,True,True,5,,1.0,0,False,False
12b,n6,mmlu_pro-041,mmlu_pro,True,True,True,5,,1.0,0,True,True
12b,n6,mmlu_pro-042,mmlu_pro,True,True,True,5,,1.0,0,False,False
12b,n6,mmlu_pro-043,mmlu_pro,True,True,True,5,,1.0,0,True,True
12b,n6,mmlu_pro-044,mmlu_pro,True,True,True,5,,1.0,0,True,True
12b,n6,mmlu_pro-045,mmlu_pro,True,True,True,5,,1.0,0,False,False
12b,n6,mmlu_pro-046,mmlu_pro,True,True,True,5,,1.0,0,False,False
12b,n6,mmlu_pro-047,mmlu_pro,True,True,True,5,,1.0,0,True,True
12b,n6,mmlu_pro-048,mmlu_pro,True,True,True,5,,1.0,0,False,False
12b,n6,mmlu_pro-049,mmlu_pro,True,True,True,5,,1.0,0,False,False
12b,n6,mmlu_pro-050,mmlu_pro,True,True,True,5,,1.0,0,False,False
12b,n6,mmlu_pro-051,mmlu_pro,True,True,True,5,,1.0,0,False,False
12b,n6,mmlu_pro-052,mmlu_pro,True,True,True,5,,1.0,0,True,True
12b,n6,mmlu_pro-053,mmlu_pro,True,True,True,5,,1.0,0,False,False
12b,n6,mmlu_pro-054,mmlu_pro,True,True,True,5,,1.0,0,False,False
12b,n6,mmlu_pro-055,mmlu_pro,True,True,True,5,,1.0,0,False,False
12b,n6,mmlu_pro-056,mmlu_pro,True,True,True,5,,1.0,0,True,True
12b,n6,mmlu_pro-057,mmlu_pro,True,True,True,5,,1.0,0,True,True
12b,n6,mmlu_pro-058,mmlu_pro,True,True,True,5,,1.0,0,False,False
12b,n6,mmlu_pro-059,mmlu_pro,True,True,True,5,,1.0,0,True,True
12b,n6,ifeval-000,ifeval,True,False,False,17,17.0,0.35238095238095235,-30,True,True
12b,n6,ifeval-001,ifeval,True,False,False,65,65.0,0.6055045871559632,-3,True,True
12b,n6,ifeval-002,ifeval,True,False,False,8,8.0,0.4688524590163935,15,True,True
12b,n6,ifeval-003,ifeval,True,False,False,69,69.0,0.5213178294573644,-29,True,True
12b,n6,ifeval-004,ifeval,True,False,False,28,28.0,0.6290941280613751,5,True,True
12b,n6,ifeval-005,ifeval,True,False,False,44,44.0,0.6552547770700636,-9,True,True
12b,n6,ifeval-006,ifeval,True,False,False,70,70.0,0.9297124600638977,-1,True,True
12b,n6,ifeval-007,ifeval,True,False,False,6,6.0,0.8024691358024691,1,False,True
12b,n6,ifeval-008,ifeval,True,False,False,60,60.0,0.5241016652059597,37,False,False
12b,n6,ifeval-009,ifeval,True,False,False,47,47.0,0.30999765862795603,-285,True,True
12b,n6,ifeval-010,ifeval,True,False,False,58,58.0,0.42694889003613834,13,False,False
12b,n6,ifeval-011,ifeval,True,False,False,38,38.0,0.9894736842105263,2,True,True
12b,n6,ifeval-012,ifeval,True,False,False,71,71.0,0.6358457493426819,42,True,True
12b,n6,ifeval-013,ifeval,True,False,False,48,48.0,0.5740740740740741,2,True,True
12b,n6,ifeval-014,ifeval,True,False,False,41,41.0,0.31127642913077525,-4,True,True
12b,n6,ifeval-015,ifeval,True,False,False,12,12.0,0.5553691275167785,2,True,True
12b,n6,ifeval-016,ifeval,True,True,True,3,,1.0,0,False,False
12b,n6,ifeval-017,ifeval,True,False,False,67,67.0,0.49694793536804305,87,True,True
12b,n6,ifeval-018,ifeval,True,False,False,9,9.0,0.28637413394919164,42,True,True
12b,n6,ifeval-019,ifeval,True,False,False,2,2.0,0.2658458732330141,-32,True,True
12b,n6,ifeval-020,ifeval,True,False,False,31,31.0,0.4605128205128205,-6,True,True
12b,n6,ifeval-021,ifeval,True,False,False,80,80.0,0.7723669309173273,-11,True,True
12b,n6,ifeval-022,ifeval,True,False,False,28,28.0,0.55,6,True,True
12b,n6,ifeval-023,ifeval,True,False,False,4,4.0,0.35298346513299783,7,True,True
12b,n6,ifeval-024,ifeval,True,False,False,5,5.0,0.5461254612546125,24,True,True
12b,n6,ifeval-025,ifeval,True,False,False,22,22.0,0.3793103448275862,89,True,True
12b,n6,ifeval-026,ifeval,True,False,False,15,15.0,0.38275862068965516,61,True,True
12b,n6,ifeval-027,ifeval,True,False,False,47,47.0,0.34302539565697465,82,True,True
12b,n6,ifeval-028,ifeval,True,False,False,21,21.0,0.24393592677345532,-55,True,True
12b,n6,ifeval-029,ifeval,True,False,False,7,7.0,0.29966887417218546,6,True,True
12b,n6,ifeval-030,ifeval,True,False,False,160,160.0,0.7846781504986401,78,True,True
12b,n6,ifeval-031,ifeval,True,False,False,3,3.0,0.43333333333333335,2,False,True
12b,n6,ifeval-032,ifeval,True,True,True,27,,1.0,0,False,False
12b,n6,ifeval-033,ifeval,True,True,True,46,,1.0,0,True,True
12b,n6,ifeval-034,ifeval,True,False,False,26,26.0,0.3733333333333333,23,True,True
12b,n6,ifeval-035,ifeval,True,True,True,13,,1.0,0,True,True
12b,n6,ifeval-036,ifeval,True,False,False,32,32.0,0.6181818181818182,-3,True,True
12b,n6,ifeval-037,ifeval,True,False,False,11,11.0,0.3080908728577122,-77,True,True
12b,n6,ifeval-038,ifeval,True,True,True,22,,1.0,0,True,True
12b,n6,ifeval-039,ifeval,True,False,False,45,45.0,0.9888268156424581,0,True,True
12b,n6,mbpp-000,mbpp,True,True,True,31,,1.0,0,True,True
12b,n6,mbpp-001,mbpp,True,False,False,11,11.0,0.6379690949227372,-39,True,True
12b,n6,mbpp-002,mbpp,True,True,True,20,,1.0,0,True,True
12b,n6,mbpp-003,mbpp,True,True,True,26,,1.0,0,True,True
12b,n6,mbpp-004,mbpp,True,False,False,38,38.0,0.4838709677419355,0,False,False
12b,n6,mbpp-005,mbpp,True,True,True,377,,1.0,0,True,True
12b,n6,mbpp-006,mbpp,True,False,False,65,65.0,0.6480541455160744,19,True,True
12b,n6,mbpp-007,mbpp,True,False,False,100,100.0,0.45114942528735635,205,True,False
12b,n6,mbpp-008,mbpp,True,True,True,37,,1.0,0,True,True
12b,n6,mbpp-009,mbpp,True,True,True,35,,1.0,0,True,True
12b,n6,mbpp-010,mbpp,True,False,False,32,32.0,0.9858757062146892,2,True,True
12b,n6,mbpp-011,mbpp,True,True,True,56,,1.0,0,True,True
12b,n6,mbpp-012,mbpp,True,True,True,25,,1.0,0,True,True
12b,n6,mbpp-013,mbpp,True,True,True,28,,1.0,0,True,True
12b,n6,mbpp-014,mbpp,True,False,False,103,103.0,0.9891304347826086,0,False,False
12b,n6,mbpp-015,mbpp,True,True,True,24,,1.0,0,True,True
12b,n6,mbpp-016,mbpp,True,False,False,116,116.0,0.8731909028256375,0,False,False
12b,n6,mbpp-017,mbpp,True,False,False,74,74.0,0.3079646017699115,382,True,False
12b,n6,mbpp-018,mbpp,True,False,False,83,83.0,0.5425709515859767,-139,True,True
12b,n6,mbpp-019,mbpp,True,True,True,67,,1.0,0,True,True
12b,n6,mbpp-020,mbpp,True,True,True,39,,1.0,0,True,True
12b,n6,mbpp-021,mbpp,True,False,False,61,61.0,0.9853862212943633,0,True,True
12b,n6,mbpp-022,mbpp,True,True,True,36,,1.0,0,True,True
12b,n6,mbpp-023,mbpp,True,False,False,25,25.0,0.3457943925233645,0,False,False
12b,n6,mbpp-024,mbpp,True,False,False,52,52.0,0.625668449197861,49,True,True
12b,n6,mbpp-025,mbpp,True,False,False,19,19.0,0.25053078556263275,82,True,True
12b,n6,mbpp-026,mbpp,True,True,True,32,,1.0,0,True,True
12b,n6,mbpp-027,mbpp,True,True,True,66,,1.0,0,True,True
12b,n6,mbpp-028,mbpp,True,True,True,32,,1.0,0,True,True
12b,n6,mbpp-029,mbpp,True,True,True,57,,1.0,0,True,True
12b,n6,mbpp-030,mbpp,True,True,True,172,,1.0,0,True,True
12b,n6,mbpp-031,mbpp,True,False,False,31,31.0,0.984375,0,False,True
12b,n6,mbpp-032,mbpp,True,True,True,83,,1.0,0,True,True
12b,n6,mbpp-033,mbpp,True,False,False,64,64.0,0.33038749150237934,-317,False,False
12b,n6,mbpp-034,mbpp,True,True,True,60,,1.0,0,True,True
12b,n6,mbpp-035,mbpp,True,True,True,26,,1.0,0,True,True
12b,n6,mbpp-036,mbpp,True,True,True,35,,1.0,0,True,True
12b,n6,mbpp-037,mbpp,True,True,True,45,,1.0,0,True,True
12b,n6,mbpp-038,mbpp,True,True,True,56,,1.0,0,True,True
12b,n6,mbpp-039,mbpp,True,False,False,124,124.0,0.46601941747572817,288,True,False
12b,n3,gsm8k-000,gsm8k,True,True,True,112,,1.0,0,True,True
12b,n3,gsm8k-001,gsm8k,True,False,False,15,15.0,0.37993235625704624,31,True,True
12b,n3,gsm8k-002,gsm8k,True,False,False,113,113.0,0.9478260869565217,-17,True,True
12b,n3,gsm8k-003,gsm8k,True,False,False,116,116.0,0.9887640449438202,3,True,True
12b,n3,gsm8k-004,gsm8k,True,False,False,37,37.0,0.9792099792099792,0,True,True
12b,n3,gsm8k-005,gsm8k,True,False,False,45,45.0,0.9155124653739612,-17,True,True
12b,n3,gsm8k-006,gsm8k,True,True,True,172,,1.0,0,True,True
12b,n3,gsm8k-007,gsm8k,True,False,False,16,16.0,0.7178841309823678,-26,True,True
12b,n3,gsm8k-008,gsm8k,True,False,False,47,47.0,0.8537477148080439,3,True,True
12b,n3,gsm8k-009,gsm8k,True,False,False,205,205.0,0.5598455598455598,0,False,False
12b,n3,gsm8k-010,gsm8k,True,True,True,182,,1.0,0,True,True
12b,n3,gsm8k-011,gsm8k,True,False,False,11,11.0,0.7428571428571429,5,True,True
12b,n3,gsm8k-012,gsm8k,True,False,False,120,120.0,0.8629032258064516,33,True,True
12b,n3,gsm8k-013,gsm8k,True,True,True,158,,1.0,0,True,True
12b,n3,gsm8k-014,gsm8k,True,False,False,27,27.0,0.980217606330366,0,True,True
12b,n3,gsm8k-015,gsm8k,True,True,True,187,,1.0,0,True,True
12b,n3,gsm8k-016,gsm8k,True,False,False,29,29.0,0.545144804088586,-13,False,False
12b,n3,gsm8k-017,gsm8k,True,True,True,133,,1.0,0,True,True
12b,n3,gsm8k-018,gsm8k,True,True,True,134,,1.0,0,True,True
12b,n3,gsm8k-019,gsm8k,True,True,True,203,,1.0,0,True,True
12b,n3,gsm8k-020,gsm8k,True,False,False,106,106.0,0.8129770992366412,37,True,True
12b,n3,gsm8k-021,gsm8k,True,False,False,105,105.0,0.8961038961038961,15,True,True
12b,n3,gsm8k-022,gsm8k,True,False,False,123,123.0,0.9296346414073071,6,True,True
12b,n3,gsm8k-023,gsm8k,True,True,True,355,,1.0,0,True,True
12b,n3,gsm8k-024,gsm8k,True,True,True,167,,1.0,0,True,True
12b,n3,gsm8k-025,gsm8k,True,True,True,195,,1.0,0,True,True
12b,n3,gsm8k-026,gsm8k,True,True,True,320,,1.0,0,True,True
12b,n3,gsm8k-027,gsm8k,True,False,False,244,244.0,0.9979879275653923,0,True,True
12b,n3,gsm8k-028,gsm8k,True,False,False,4,4.0,0.8378378378378378,6,True,True
12b,n3,gsm8k-029,gsm8k,True,False,False,7,7.0,0.8736842105263158,4,True,True
12b,n3,gsm8k-030,gsm8k,True,False,False,38,38.0,0.539568345323741,52,True,True
12b,n3,gsm8k-031,gsm8k,True,False,False,8,8.0,0.8378728923476005,25,True,True
12b,n3,gsm8k-032,gsm8k,True,True,True,243,,1.0,0,True,True
12b,n3,gsm8k-033,gsm8k,True,False,False,18,18.0,0.9620081411126187,1,True,True
12b,n3,gsm8k-034,gsm8k,True,False,False,381,381.0,0.9645697758496024,-12,True,True
12b,n3,gsm8k-035,gsm8k,True,False,False,88,88.0,0.5113960113960114,19,True,False
12b,n3,gsm8k-036,gsm8k,True,False,False,9,9.0,0.9910394265232975,-1,True,True
12b,n3,gsm8k-037,gsm8k,True,False,False,54,54.0,0.9837000814995925,0,True,True
12b,n3,gsm8k-038,gsm8k,True,False,False,9,9.0,0.45597104945717737,40,False,True
12b,n3,gsm8k-039,gsm8k,True,False,False,3,3.0,0.9213893967093236,-8,True,True
12b,n3,gsm8k-040,gsm8k,True,False,False,10,10.0,0.9159891598915989,-8,True,True
12b,n3,gsm8k-041,gsm8k,True,True,True,148,,1.0,0,True,True
12b,n3,gsm8k-042,gsm8k,True,False,False,168,168.0,0.9940828402366864,-3,True,True
12b,n3,gsm8k-043,gsm8k,True,True,True,204,,1.0,0,True,True
12b,n3,gsm8k-044,gsm8k,True,False,False,11,11.0,0.6522988505747127,-5,True,True
12b,n3,gsm8k-045,gsm8k,True,True,True,183,,1.0,0,True,True
12b,n3,gsm8k-046,gsm8k,True,False,False,15,15.0,0.9903846153846154,1,True,True
12b,n3,gsm8k-047,gsm8k,True,True,True,139,,1.0,0,True,True
12b,n3,gsm8k-048,gsm8k,True,False,False,40,40.0,0.9067796610169492,-11,True,True
12b,n3,gsm8k-049,gsm8k,True,True,True,143,,1.0,0,True,True
12b,n3,gsm8k-050,gsm8k,True,False,False,41,41.0,0.7832422586520947,15,False,False
12b,n3,gsm8k-051,gsm8k,True,True,True,207,,1.0,0,True,True
12b,n3,gsm8k-052,gsm8k,True,True,True,282,,1.0,0,True,True
12b,n3,gsm8k-053,gsm8k,True,True,True,177,,1.0,0,True,True
12b,n3,gsm8k-054,gsm8k,True,False,False,229,229.0,0.9611752360965372,12,True,True
12b,n3,gsm8k-055,gsm8k,True,True,True,196,,1.0,0,True,True
12b,n3,gsm8k-056,gsm8k,True,True,True,235,,1.0,0,True,True
12b,n3,gsm8k-057,gsm8k,True,False,False,17,17.0,0.9864864864864865,0,True,True
12b,n3,gsm8k-058,gsm8k,True,False,False,16,16.0,0.8469945355191257,21,True,True
12b,n3,gsm8k-059,gsm8k,True,True,True,278,,1.0,0,True,True
12b,n3,mmlu_pro-000,mmlu_pro,True,True,True,5,,1.0,0,False,False
12b,n3,mmlu_pro-001,mmlu_pro,True,True,True,5,,1.0,0,False,False
12b,n3,mmlu_pro-002,mmlu_pro,True,True,True,5,,1.0,0,False,False
12b,n3,mmlu_pro-003,mmlu_pro,True,False,False,4,4.0,0.9333333333333333,0,True,False
12b,n3,mmlu_pro-004,mmlu_pro,True,True,True,5,,1.0,0,True,True
12b,n3,mmlu_pro-005,mmlu_pro,True,True,True,5,,1.0,0,False,False
12b,n3,mmlu_pro-006,mmlu_pro,True,True,True,5,,1.0,0,True,True
12b,n3,mmlu_pro-007,mmlu_pro,True,True,True,5,,1.0,0,True,True
12b,n3,mmlu_pro-008,mmlu_pro,True,True,True,5,,1.0,0,False,False
12b,n3,mmlu_pro-009,mmlu_pro,True,True,True,5,,1.0,0,True,True
12b,n3,mmlu_pro-010,mmlu_pro,True,True,True,5,,1.0,0,True,True
12b,n3,mmlu_pro-011,mmlu_pro,True,True,True,5,,1.0,0,False,False
12b,n3,mmlu_pro-012,mmlu_pro,True,True,True,5,,1.0,0,False,False
12b,n3,mmlu_pro-013,mmlu_pro,True,True,True,5,,1.0,0,True,True
12b,n3,mmlu_pro-014,mmlu_pro,True,True,True,5,,1.0,0,True,True
12b,n3,mmlu_pro-015,mmlu_pro,True,True,True,5,,1.0,0,True,True
12b,n3,mmlu_pro-016,mmlu_pro,True,True,True,5,,1.0,0,True,True
12b,n3,mmlu_pro-017,mmlu_pro,True,True,True,5,,1.0,0,False,False
12b,n3,mmlu_pro-018,mmlu_pro,True,True,True,5,,1.0,0,False,False
12b,n3,mmlu_pro-019,mmlu_pro,True,True,True,5,,1.0,0,False,False
12b,n3,mmlu_pro-020,mmlu_pro,True,True,True,5,,1.0,0,False,False
12b,n3,mmlu_pro-021,mmlu_pro,True,True,True,5,,1.0,0,False,False
12b,n3,mmlu_pro-022,mmlu_pro,True,True,True,5,,1.0,0,True,True
12b,n3,mmlu_pro-023,mmlu_pro,True,True,True,5,,1.0,0,True,True
12b,n3,mmlu_pro-024,mmlu_pro,True,True,True,5,,1.0,0,True,True
12b,n3,mmlu_pro-025,mmlu_pro,True,True,True,5,,1.0,0,True,True
12b,n3,mmlu_pro-026,mmlu_pro,True,True,True,5,,1.0,0,True,True
12b,n3,mmlu_pro-027,mmlu_pro,True,True,True,5,,1.0,0,True,True
12b,n3,mmlu_pro-028,mmlu_pro,True,True,True,5,,1.0,0,True,True
12b,n3,mmlu_pro-029,mmlu_pro,True,True,True,5,,1.0,0,True,True
12b,n3,mmlu_pro-030,mmlu_pro,True,True,True,5,,1.0,0,True,True
12b,n3,mmlu_pro-031,mmlu_pro,True,True,True,5,,1.0,0,True,True
12b,n3,mmlu_pro-032,mmlu_pro,True,True,True,5,,1.0,0,True,True
12b,n3,mmlu_pro-033,mmlu_pro,True,True,True,5,,1.0,0,True,True
12b,n3,mmlu_pro-034,mmlu_pro,True,True,True,5,,1.0,0,False,False
12b,n3,mmlu_pro-035,mmlu_pro,True,True,True,5,,1.0,0,True,True
12b,n3,mmlu_pro-036,mmlu_pro,True,True,True,5,,1.0,0,True,True
12b,n3,mmlu_pro-037,mmlu_pro,True,True,True,5,,1.0,0,False,False
12b,n3,mmlu_pro-038,mmlu_pro,True,True,True,5,,1.0,0,True,True
12b,n3,mmlu_pro-039,mmlu_pro,True,True,True,5,,1.0,0,True,True
12b,n3,mmlu_pro-040,mmlu_pro,True,True,True,5,,1.0,0,False,False
12b,n3,mmlu_pro-041,mmlu_pro,True,True,True,5,,1.0,0,True,True
12b,n3,mmlu_pro-042,mmlu_pro,True,True,True,5,,1.0,0,False,False
12b,n3,mmlu_pro-043,mmlu_pro,True,True,True,5,,1.0,0,True,True
12b,n3,mmlu_pro-044,mmlu_pro,True,True,True,5,,1.0,0,True,True
12b,n3,mmlu_pro-045,mmlu_pro,True,True,True,5,,1.0,0,False,False
12b,n3,mmlu_pro-046,mmlu_pro,True,True,True,5,,1.0,0,False,False
12b,n3,mmlu_pro-047,mmlu_pro,True,True,True,5,,1.0,0,True,True
12b,n3,mmlu_pro-048,mmlu_pro,True,True,True,5,,1.0,0,False,False
12b,n3,mmlu_pro-049,mmlu_pro,True,True,True,5,,1.0,0,False,False
12b,n3,mmlu_pro-050,mmlu_pro,True,True,True,5,,1.0,0,False,False
12b,n3,mmlu_pro-051,mmlu_pro,True,True,True,5,,1.0,0,False,False
12b,n3,mmlu_pro-052,mmlu_pro,True,True,True,5,,1.0,0,True,True
12b,n3,mmlu_pro-053,mmlu_pro,True,True,True,5,,1.0,0,False,False
12b,n3,mmlu_pro-054,mmlu_pro,True,True,True,5,,1.0,0,False,False
12b,n3,mmlu_pro-055,mmlu_pro,True,True,True,5,,1.0,0,False,False
12b,n3,mmlu_pro-056,mmlu_pro,True,True,True,5,,1.0,0,True,True
12b,n3,mmlu_pro-057,mmlu_pro,True,True,True,5,,1.0,0,True,True
12b,n3,mmlu_pro-058,mmlu_pro,True,True,True,5,,1.0,0,False,False
12b,n3,mmlu_pro-059,mmlu_pro,True,True,True,5,,1.0,0,True,True
12b,n3,ifeval-000,ifeval,True,False,False,82,82.0,0.8333333333333334,-3,True,True
12b,n3,ifeval-001,ifeval,True,False,False,31,31.0,0.5373525557011796,-27,True,True
12b,n3,ifeval-002,ifeval,True,False,False,8,8.0,0.3443163097199341,15,True,True
12b,n3,ifeval-003,ifeval,True,False,False,69,69.0,0.5161498708010336,-43,True,True
12b,n3,ifeval-004,ifeval,True,False,False,93,93.0,0.7937444673945117,4,True,True
12b,n3,ifeval-005,ifeval,True,False,False,32,32.0,0.4965774735532047,73,True,True
12b,n3,ifeval-006,ifeval,True,False,False,70,70.0,0.9297124600638977,-1,True,True
12b,n3,ifeval-007,ifeval,True,False,False,6,6.0,0.8376623376623377,-2,False,False
12b,n3,ifeval-008,ifeval,True,False,False,63,63.0,0.5338567222767419,8,False,False
12b,n3,ifeval-009,ifeval,True,False,False,32,32.0,0.27698431280730507,-374,True,True
12b,n3,ifeval-010,ifeval,True,False,False,20,20.0,0.4194915254237288,4,False,False
12b,n3,ifeval-011,ifeval,True,False,False,38,38.0,0.9157894736842105,2,True,True
12b,n3,ifeval-012,ifeval,True,False,False,71,71.0,0.5721438324988621,9,True,True
12b,n3,ifeval-013,ifeval,True,False,False,48,48.0,0.5353403141361257,3,True,True
12b,n3,ifeval-014,ifeval,True,False,False,41,41.0,0.3210649960845732,-4,True,True
12b,n3,ifeval-015,ifeval,True,False,False,23,23.0,0.4976599063962559,-1,True,True
12b,n3,ifeval-016,ifeval,True,True,True,3,,1.0,0,False,False
12b,n3,ifeval-017,ifeval,True,False,False,67,67.0,0.40605590062111796,9,True,True
12b,n3,ifeval-018,ifeval,True,False,False,9,9.0,0.28611001187178475,18,True,True
12b,n3,ifeval-019,ifeval,True,False,False,2,2.0,0.2840073529411765,-60,True,True
12b,n3,ifeval-020,ifeval,True,False,False,156,156.0,0.7117948717948718,-23,True,True
12b,n3,ifeval-021,ifeval,True,False,False,63,63.0,0.7010192525481314,2,True,True
12b,n3,ifeval-022,ifeval,True,False,False,28,28.0,0.6846689895470384,-24,True,True
12b,n3,ifeval-023,ifeval,True,False,False,6,6.0,0.4313443565780014,-11,True,True
12b,n3,ifeval-024,ifeval,True,False,False,5,5.0,0.2651356993736952,2,True,True
12b,n3,ifeval-025,ifeval,True,False,False,22,22.0,0.32244318181818177,-49,True,True
12b,n3,ifeval-026,ifeval,True,False,False,15,15.0,0.3806646525679759,-5,True,True
12b,n3,ifeval-027,ifeval,True,False,False,72,72.0,0.3905254777070064,45,True,True
12b,n3,ifeval-028,ifeval,True,False,False,20,20.0,0.2490974729241877,-33,True,True
12b,n3,ifeval-029,ifeval,True,False,False,41,41.0,0.3763713080168777,-15,True,True
12b,n3,ifeval-030,ifeval,True,False,False,79,79.0,0.7649723200805234,-10,True,True
12b,n3,ifeval-031,ifeval,True,False,False,3,3.0,0.38095238095238093,1,False,True
12b,n3,ifeval-032,ifeval,True,True,True,27,,1.0,0,False,False
12b,n3,ifeval-033,ifeval,True,False,False,33,33.0,0.7340823970037453,3,True,True
12b,n3,ifeval-034,ifeval,True,False,False,9,9.0,0.3066538090646095,-3,True,True
12b,n3,ifeval-035,ifeval,True,True,True,13,,1.0,0,True,True
12b,n3,ifeval-036,ifeval,True,False,False,11,11.0,0.3669527896995708,3,True,True
12b,n3,ifeval-037,ifeval,True,False,False,47,47.0,0.3802311677959347,-32,True,True
12b,n3,ifeval-038,ifeval,True,True,True,22,,1.0,0,True,True
12b,n3,ifeval-039,ifeval,True,True,True,54,,1.0,0,True,True
12b,n3,mbpp-000,mbpp,True,True,True,31,,1.0,0,True,True
12b,n3,mbpp-001,mbpp,True,False,False,11,11.0,0.924944812362031,-8,True,True
12b,n3,mbpp-002,mbpp,True,True,True,20,,1.0,0,True,True
12b,n3,mbpp-003,mbpp,True,True,True,26,,1.0,0,True,True
12b,n3,mbpp-004,mbpp,True,False,False,151,151.0,0.6945054945054945,0,False,False
12b,n3,mbpp-005,mbpp,True,False,False,138,138.0,0.698641765704584,-92,True,True
12b,n3,mbpp-006,mbpp,True,False,False,44,44.0,0.46891651865008876,-44,True,True
12b,n3,mbpp-007,mbpp,True,False,False,75,75.0,0.4800735744941753,205,True,False
12b,n3,mbpp-008,mbpp,True,True,True,37,,1.0,0,True,True
12b,n3,mbpp-009,mbpp,True,False,False,13,13.0,0.22384428223844277,88,True,True
12b,n3,mbpp-010,mbpp,True,False,False,32,32.0,0.9858757062146892,2,True,True
12b,n3,mbpp-011,mbpp,True,True,True,56,,1.0,0,True,True
12b,n3,mbpp-012,mbpp,True,True,True,25,,1.0,0,True,True
12b,n3,mbpp-013,mbpp,True,True,True,28,,1.0,0,True,True
12b,n3,mbpp-014,mbpp,True,True,True,125,,1.0,0,False,False
12b,n3,mbpp-015,mbpp,True,True,True,24,,1.0,0,True,True
12b,n3,mbpp-016,mbpp,True,False,False,240,240.0,0.9083390764989663,0,False,False
12b,n3,mbpp-017,mbpp,True,False,False,74,74.0,0.30415561450044204,382,True,False
12b,n3,mbpp-018,mbpp,True,False,False,83,83.0,0.5425709515859767,-139,True,True
12b,n3,mbpp-019,mbpp,True,True,True,67,,1.0,0,True,True
12b,n3,mbpp-020,mbpp,True,True,True,39,,1.0,0,True,True
12b,n3,mbpp-021,mbpp,True,False,False,61,61.0,0.615866388308977,-102,True,True
12b,n3,mbpp-022,mbpp,True,True,True,36,,1.0,0,True,True
12b,n3,mbpp-023,mbpp,True,False,False,328,328.0,0.6434219985621854,0,False,False
12b,n3,mbpp-024,mbpp,True,False,False,52,52.0,0.9564032697547684,3,True,True
12b,n3,mbpp-025,mbpp,True,False,False,19,19.0,0.25053078556263275,82,True,True
12b,n3,mbpp-026,mbpp,True,True,True,32,,1.0,0,True,True
12b,n3,mbpp-027,mbpp,True,True,True,66,,1.0,0,True,True
12b,n3,mbpp-028,mbpp,True,True,True,32,,1.0,0,True,True
12b,n3,mbpp-029,mbpp,True,False,False,14,14.0,0.8909090909090909,6,True,True
12b,n3,mbpp-030,mbpp,True,True,True,172,,1.0,0,True,True
12b,n3,mbpp-031,mbpp,True,False,False,31,31.0,0.984375,0,False,True
12b,n3,mbpp-032,mbpp,True,True,True,83,,1.0,0,True,True
12b,n3,mbpp-033,mbpp,True,False,False,64,64.0,0.3052345343303875,-336,False,False
12b,n3,mbpp-034,mbpp,True,False,False,19,19.0,0.4327485380116959,-39,True,True
12b,n3,mbpp-035,mbpp,True,True,True,26,,1.0,0,True,True
12b,n3,mbpp-036,mbpp,True,True,True,35,,1.0,0,True,True
12b,n3,mbpp-037,mbpp,True,True,True,45,,1.0,0,True,True
12b,n3,mbpp-038,mbpp,True,True,True,56,,1.0,0,True,True
12b,n3,mbpp-039,mbpp,True,True,True,225,,1.0,0,True,True
26b,n6,gsm8k-000,gsm8k,True,False,False,42,42.0,0.7647058823529411,7,True,True
26b,n6,gsm8k-001,gsm8k,True,False,False,42,42.0,0.7614906832298136,34,True,True
26b,n6,gsm8k-002,gsm8k,True,False,False,218,218.0,0.9576988155668359,17,True,True
26b,n6,gsm8k-003,gsm8k,True,False,False,11,11.0,0.8318912237330037,14,True,True
26b,n6,gsm8k-004,gsm8k,True,True,True,127,,1.0,0,True,True
26b,n6,gsm8k-005,gsm8k,True,True,True,162,,1.0,0,True,True
26b,n6,gsm8k-006,gsm8k,True,True,True,148,,1.0,0,True,True
26b,n6,gsm8k-007,gsm8k,True,True,True,200,,1.0,0,True,True
26b,n6,gsm8k-008,gsm8k,True,False,False,65,65.0,0.9254966887417219,12,True,True
26b,n6,gsm8k-009,gsm8k,True,False,False,259,259.0,0.688622754491018,0,False,False
26b,n6,gsm8k-010,gsm8k,True,False,False,10,10.0,0.8461538461538461,-10,True,True
26b,n6,gsm8k-011,gsm8k,True,False,False,3,3.0,0.515,6,True,True
26b,n6,gsm8k-012,gsm8k,True,True,True,91,,1.0,0,True,True
26b,n6,gsm8k-013,gsm8k,True,True,True,146,,1.0,0,True,True
26b,n6,gsm8k-014,gsm8k,True,True,True,291,,1.0,0,True,True
26b,n6,gsm8k-015,gsm8k,True,True,True,121,,1.0,0,True,True
26b,n6,gsm8k-016,gsm8k,True,False,False,47,47.0,0.20995962314939431,-367,False,False
26b,n6,gsm8k-017,gsm8k,True,False,False,51,51.0,0.9273743016759777,0,True,True
26b,n6,gsm8k-018,gsm8k,True,True,True,79,,1.0,0,True,True
26b,n6,gsm8k-019,gsm8k,True,False,False,43,43.0,0.7069597069597069,7,True,True
26b,n6,gsm8k-020,gsm8k,True,False,False,14,14.0,0.9464285714285714,-6,True,True
26b,n6,gsm8k-021,gsm8k,True,False,False,96,96.0,0.9887640449438202,0,True,True
26b,n6,gsm8k-022,gsm8k,True,False,False,55,55.0,0.8584729981378026,-17,True,True
26b,n6,gsm8k-023,gsm8k,True,True,True,342,,1.0,0,True,True
26b,n6,gsm8k-024,gsm8k,True,True,True,156,,1.0,0,True,True
26b,n6,gsm8k-025,gsm8k,True,True,True,155,,1.0,0,True,True
26b,n6,gsm8k-026,gsm8k,True,False,False,35,35.0,0.8565683646112601,18,True,True
26b,n6,gsm8k-027,gsm8k,True,False,False,131,131.0,0.9798270893371758,0,True,True
26b,n6,gsm8k-028,gsm8k,True,False,False,78,78.0,0.9919678714859438,0,True,True
26b,n6,gsm8k-029,gsm8k,True,True,True,84,,1.0,0,True,True
26b,n6,gsm8k-030,gsm8k,True,True,True,295,,1.0,0,True,True
26b,n6,gsm8k-031,gsm8k,True,False,False,108,108.0,0.9537414965986395,5,True,True
26b,n6,gsm8k-032,gsm8k,True,True,True,194,,1.0,0,True,True
26b,n6,gsm8k-033,gsm8k,True,False,False,48,48.0,0.8596187175043327,26,True,True
26b,n6,gsm8k-034,gsm8k,True,False,False,20,20.0,0.9333333333333333,-12,False,False
26b,n6,gsm8k-035,gsm8k,True,False,False,113,113.0,0.9932627526467758,1,False,False
26b,n6,gsm8k-036,gsm8k,True,True,True,164,,1.0,0,True,True
26b,n6,gsm8k-037,gsm8k,True,False,False,178,178.0,0.5926236378876781,143,False,False
26b,n6,gsm8k-038,gsm8k,True,False,False,13,13.0,0.4508758568164509,132,False,True
26b,n6,gsm8k-039,gsm8k,True,False,False,96,96.0,0.8897818599311137,-15,True,True
26b,n6,gsm8k-040,gsm8k,True,True,True,193,,1.0,0,True,True
26b,n6,gsm8k-041,gsm8k,True,True,True,77,,1.0,0,True,True
26b,n6,gsm8k-042,gsm8k,True,False,False,118,118.0,0.8968253968253969,11,True,True
26b,n6,gsm8k-043,gsm8k,True,True,True,158,,1.0,0,True,True
26b,n6,gsm8k-044,gsm8k,True,False,False,11,11.0,0.49578820697954273,-58,True,True
26b,n6,gsm8k-045,gsm8k,True,True,True,184,,1.0,0,True,True
26b,n6,gsm8k-046,gsm8k,True,False,False,3,3.0,0.7433962264150944,-2,True,True
26b,n6,gsm8k-047,gsm8k,True,True,True,89,,1.0,0,True,True
26b,n6,gsm8k-048,gsm8k,True,False,False,25,25.0,0.9797160243407708,-2,True,True
26b,n6,gsm8k-049,gsm8k,True,True,True,155,,1.0,0,True,True
26b,n6,gsm8k-050,gsm8k,True,True,True,156,,1.0,0,False,False
26b,n6,gsm8k-051,gsm8k,True,True,True,231,,1.0,0,True,True
26b,n6,gsm8k-052,gsm8k,True,False,False,50,50.0,0.9775910364145658,2,True,True
26b,n6,gsm8k-053,gsm8k,True,False,False,29,29.0,0.9205202312138728,-12,True,True
26b,n6,gsm8k-054,gsm8k,True,True,True,250,,1.0,0,True,True
26b,n6,gsm8k-055,gsm8k,True,True,True,161,,1.0,0,True,True
26b,n6,gsm8k-056,gsm8k,True,True,True,205,,1.0,0,True,True
26b,n6,gsm8k-057,gsm8k,True,False,False,129,129.0,0.9506726457399103,7,True,True
26b,n6,gsm8k-058,gsm8k,True,False,False,29,29.0,0.5106382978723405,0,True,True
26b,n6,gsm8k-059,gsm8k,True,True,True,226,,1.0,0,True,True
26b,n6,mmlu_pro-000,mmlu_pro,True,True,True,5,,1.0,0,False,False
26b,n6,mmlu_pro-001,mmlu_pro,True,True,True,5,,1.0,0,True,True
26b,n6,mmlu_pro-002,mmlu_pro,True,True,True,5,,1.0,0,False,False
26b,n6,mmlu_pro-003,mmlu_pro,True,True,True,5,,1.0,0,True,True
26b,n6,mmlu_pro-004,mmlu_pro,True,True,True,5,,1.0,0,True,True
26b,n6,mmlu_pro-005,mmlu_pro,False,True,True,5,,1.0,0,False,False
26b,n6,mmlu_pro-006,mmlu_pro,True,True,True,5,,1.0,0,True,True
26b,n6,mmlu_pro-007,mmlu_pro,True,True,True,5,,1.0,0,False,False
26b,n6,mmlu_pro-008,mmlu_pro,True,True,True,5,,1.0,0,True,True
26b,n6,mmlu_pro-009,mmlu_pro,True,True,True,5,,1.0,0,True,True
26b,n6,mmlu_pro-010,mmlu_pro,True,True,True,5,,1.0,0,True,True
26b,n6,mmlu_pro-011,mmlu_pro,True,True,True,5,,1.0,0,False,False
26b,n6,mmlu_pro-012,mmlu_pro,True,True,True,5,,1.0,0,False,False
26b,n6,mmlu_pro-013,mmlu_pro,True,True,True,5,,1.0,0,True,True
26b,n6,mmlu_pro-014,mmlu_pro,True,True,True,5,,1.0,0,True,True
26b,n6,mmlu_pro-015,mmlu_pro,True,True,True,5,,1.0,0,True,True
26b,n6,mmlu_pro-016,mmlu_pro,True,True,True,5,,1.0,0,True,True
26b,n6,mmlu_pro-017,mmlu_pro,True,True,True,5,,1.0,0,False,False
26b,n6,mmlu_pro-018,mmlu_pro,True,True,True,5,,1.0,0,False,False
26b,n6,mmlu_pro-019,mmlu_pro,True,True,True,5,,1.0,0,False,False
26b,n6,mmlu_pro-020,mmlu_pro,True,True,True,5,,1.0,0,False,False
26b,n6,mmlu_pro-021,mmlu_pro,True,True,True,5,,1.0,0,True,True
26b,n6,mmlu_pro-022,mmlu_pro,True,True,True,5,,1.0,0,True,True
26b,n6,mmlu_pro-023,mmlu_pro,True,True,True,5,,1.0,0,False,False
26b,n6,mmlu_pro-024,mmlu_pro,True,True,True,5,,1.0,0,False,False
26b,n6,mmlu_pro-025,mmlu_pro,True,True,True,5,,1.0,0,True,True
26b,n6,mmlu_pro-026,mmlu_pro,True,True,True,5,,1.0,0,False,False
26b,n6,mmlu_pro-027,mmlu_pro,True,True,True,5,,1.0,0,False,False
26b,n6,mmlu_pro-028,mmlu_pro,True,True,True,5,,1.0,0,True,True
26b,n6,mmlu_pro-029,mmlu_pro,True,True,True,5,,1.0,0,True,True
26b,n6,mmlu_pro-030,mmlu_pro,True,True,True,5,,1.0,0,True,True
26b,n6,mmlu_pro-031,mmlu_pro,True,True,True,5,,1.0,0,True,True
26b,n6,mmlu_pro-032,mmlu_pro,True,True,True,5,,1.0,0,True,True
26b,n6,mmlu_pro-033,mmlu_pro,True,True,True,5,,1.0,0,True,True
26b,n6,mmlu_pro-034,mmlu_pro,True,True,True,5,,1.0,0,False,False
26b,n6,mmlu_pro-035,mmlu_pro,True,True,True,5,,1.0,0,True,True
26b,n6,mmlu_pro-036,mmlu_pro,True,True,True,5,,1.0,0,True,True
26b,n6,mmlu_pro-037,mmlu_pro,True,True,True,5,,1.0,0,True,True
26b,n6,mmlu_pro-038,mmlu_pro,True,True,True,5,,1.0,0,True,True
26b,n6,mmlu_pro-039,mmlu_pro,True,True,True,5,,1.0,0,True,True
26b,n6,mmlu_pro-040,mmlu_pro,True,True,True,5,,1.0,0,True,True
26b,n6,mmlu_pro-041,mmlu_pro,True,True,True,5,,1.0,0,True,True
26b,n6,mmlu_pro-042,mmlu_pro,True,True,True,5,,1.0,0,False,False
26b,n6,mmlu_pro-043,mmlu_pro,True,True,True,5,,1.0,0,True,True
26b,n6,mmlu_pro-044,mmlu_pro,True,True,True,5,,1.0,0,True,True
26b,n6,mmlu_pro-045,mmlu_pro,True,True,True,5,,1.0,0,True,True
26b,n6,mmlu_pro-046,mmlu_pro,True,True,True,5,,1.0,0,False,False
26b,n6,mmlu_pro-047,mmlu_pro,True,True,True,5,,1.0,0,True,True
26b,n6,mmlu_pro-048,mmlu_pro,True,True,True,5,,1.0,0,True,True
26b,n6,mmlu_pro-049,mmlu_pro,True,True,True,5,,1.0,0,False,False
26b,n6,mmlu_pro-050,mmlu_pro,True,True,True,5,,1.0,0,False,False
26b,n6,mmlu_pro-051,mmlu_pro,True,True,True,5,,1.0,0,False,False
26b,n6,mmlu_pro-052,mmlu_pro,True,True,True,5,,1.0,0,True,True
26b,n6,mmlu_pro-053,mmlu_pro,True,True,True,5,,1.0,0,False,False
26b,n6,mmlu_pro-054,mmlu_pro,True,True,True,5,,1.0,0,False,False
26b,n6,mmlu_pro-055,mmlu_pro,True,True,True,5,,1.0,0,True,True
26b,n6,mmlu_pro-056,mmlu_pro,True,True,True,5,,1.0,0,True,True
26b,n6,mmlu_pro-057,mmlu_pro,True,True,True,5,,1.0,0,True,True
26b,n6,mmlu_pro-058,mmlu_pro,True,True,True,5,,1.0,0,True,True
26b,n6,mmlu_pro-059,mmlu_pro,True,True,True,5,,1.0,0,False,False
26b,n6,ifeval-000,ifeval,True,False,False,87,87.0,0.7309734513274336,-1,True,True
26b,n6,ifeval-001,ifeval,True,False,False,12,12.0,0.3958602846054333,-5,True,True
26b,n6,ifeval-002,ifeval,True,False,False,151,151.0,0.9424,-2,True,True
26b,n6,ifeval-003,ifeval,True,False,False,86,86.0,0.4455279085406859,-99,True,True
26b,n6,ifeval-004,ifeval,True,False,False,63,63.0,0.7786624203821656,-15,True,True
26b,n6,ifeval-005,ifeval,True,False,False,20,20.0,0.584070796460177,-25,True,True
26b,n6,ifeval-006,ifeval,True,False,False,85,85.0,0.9815303430079155,-1,True,True
26b,n6,ifeval-007,ifeval,True,False,False,34,34.0,0.9386503067484663,0,False,False
26b,n6,ifeval-008,ifeval,True,False,False,21,21.0,0.5613636363636363,-3,False,False
26b,n6,ifeval-009,ifeval,True,False,False,97,97.0,0.6711790393013101,17,True,True
26b,n6,ifeval-010,ifeval,True,False,False,4,4.0,0.3022508038585209,22,True,True
26b,n6,ifeval-011,ifeval,True,False,False,17,17.0,0.9781021897810219,0,True,True
26b,n6,ifeval-012,ifeval,True,False,False,99,99.0,0.6761710794297353,38,True,True
26b,n6,ifeval-013,ifeval,True,False,False,9,9.0,0.3549107142857143,-12,True,True
26b,n6,ifeval-014,ifeval,True,False,False,40,40.0,0.4173363949483353,-66,True,True
26b,n6,ifeval-015,ifeval,True,False,False,33,33.0,0.6133333333333333,-6,True,True
26b,n6,ifeval-016,ifeval,True,True,True,3,,1.0,0,False,False
26b,n6,ifeval-017,ifeval,True,False,False,6,6.0,0.4820636839983877,-40,True,True
26b,n6,ifeval-018,ifeval,True,False,False,49,49.0,0.38975424022152994,-13,False,False
26b,n6,ifeval-019,ifeval,True,False,False,2,2.0,0.2536427415002699,9,True,True
26b,n6,ifeval-020,ifeval,True,False,False,24,24.0,0.39157245632065774,-8,True,False
26b,n6,ifeval-021,ifeval,True,False,False,35,35.0,0.47536945812807885,3,True,True
26b,n6,ifeval-022,ifeval,True,False,False,30,30.0,0.7583187390542907,-10,True,True
26b,n6,ifeval-023,ifeval,True,False,False,23,23.0,0.35081502480510274,21,True,True
26b,n6,ifeval-024,ifeval,True,False,False,21,21.0,0.33779761904761907,-35,True,True
26b,n6,ifeval-025,ifeval,True,False,False,8,8.0,0.33492442322991245,57,True,True
26b,n6,ifeval-026,ifeval,True,False,False,14,14.0,0.41509433962264153,18,True,True
26b,n6,ifeval-027,ifeval,True,False,False,48,48.0,0.31002689204763734,-25,False,False
26b,n6,ifeval-028,ifeval,True,False,False,21,21.0,0.32845458458889365,20,True,True
26b,n6,ifeval-029,ifeval,True,False,False,6,6.0,0.3243922883487007,-28,True,True
26b,n6,ifeval-030,ifeval,True,False,False,34,34.0,0.7976846747519295,-74,True,True
26b,n6,ifeval-031,ifeval,True,False,False,34,34.0,0.6009280742459397,18,True,True
26b,n6,ifeval-032,ifeval,True,True,True,17,,1.0,0,True,True
26b,n6,ifeval-033,ifeval,True,True,True,26,,1.0,0,True,True
26b,n6,ifeval-034,ifeval,True,False,False,35,35.0,0.5757042253521127,-5,True,True
26b,n6,ifeval-035,ifeval,True,False,False,24,24.0,0.8928571428571429,4,True,True
26b,n6,ifeval-036,ifeval,True,False,False,13,13.0,0.5145228215767634,-11,True,True
26b,n6,ifeval-037,ifeval,True,False,False,48,48.0,0.43072776280323455,-21,True,True
26b,n6,ifeval-038,ifeval,True,True,True,22,,1.0,0,True,True
26b,n6,ifeval-039,ifeval,True,False,False,12,12.0,0.6691176470588236,-5,True,True
26b,n6,mbpp-000,mbpp,True,True,True,26,,1.0,0,True,True
26b,n6,mbpp-001,mbpp,True,True,True,97,,1.0,0,True,True
26b,n6,mbpp-002,mbpp,True,True,True,101,,1.0,0,True,True
26b,n6,mbpp-003,mbpp,True,True,True,26,,1.0,0,True,True
26b,n6,mbpp-004,mbpp,True,True,True,53,,1.0,0,False,False
26b,n6,mbpp-005,mbpp,True,True,True,54,,1.0,0,False,False
26b,n6,mbpp-006,mbpp,True,False,False,88,88.0,0.9490131578947368,-3,True,True
26b,n6,mbpp-007,mbpp,True,False,False,15,15.0,0.3493912122816305,0,False,False
26b,n6,mbpp-008,mbpp,True,True,True,37,,1.0,0,True,True
26b,n6,mbpp-009,mbpp,True,False,False,46,46.0,0.09937456567060454,432,True,False
26b,n6,mbpp-010,mbpp,True,False,False,217,217.0,0.7098765432098766,10,True,True
26b,n6,mbpp-011,mbpp,True,True,True,54,,1.0,0,True,True
26b,n6,mbpp-012,mbpp,True,True,True,108,,1.0,0,True,True
26b,n6,mbpp-013,mbpp,True,True,True,119,,1.0,0,True,True
26b,n6,mbpp-014,mbpp,True,True,True,136,,1.0,0,False,False
26b,n6,mbpp-015,mbpp,True,False,False,23,23.0,0.8,-12,True,True
26b,n6,mbpp-016,mbpp,True,False,False,28,28.0,0.8762886597938144,4,True,True
26b,n6,mbpp-017,mbpp,True,False,False,71,71.0,0.812061711079944,-39,True,True
26b,n6,mbpp-018,mbpp,True,False,False,70,70.0,0.8385579937304075,-12,True,True
26b,n6,mbpp-019,mbpp,True,False,False,83,83.0,0.5032967032967033,-126,True,True
26b,n6,mbpp-020,mbpp,True,True,True,39,,1.0,0,True,True
26b,n6,mbpp-021,mbpp,True,True,True,89,,1.0,0,True,True
26b,n6,mbpp-022,mbpp,True,True,True,36,,1.0,0,True,True
26b,n6,mbpp-023,mbpp,True,False,False,158,158.0,0.9369527145359019,0,False,False
26b,n6,mbpp-024,mbpp,True,False,False,114,114.0,0.8740416210295728,-8,True,True
26b,n6,mbpp-025,mbpp,True,True,True,80,,1.0,0,True,True
26b,n6,mbpp-026,mbpp,True,True,True,70,,1.0,0,True,True
26b,n6,mbpp-027,mbpp,True,True,True,53,,1.0,0,True,True
26b,n6,mbpp-028,mbpp,True,True,True,113,,1.0,0,True,True
26b,n6,mbpp-029,mbpp,True,False,False,58,58.0,0.9342105263157895,-1,True,True
26b,n6,mbpp-030,mbpp,True,True,True,114,,1.0,0,True,True
26b,n6,mbpp-031,mbpp,True,True,True,48,,1.0,0,True,True
26b,n6,mbpp-032,mbpp,True,True,True,83,,1.0,0,True,True
26b,n6,mbpp-033,mbpp,True,False,False,44,44.0,0.3767535070140281,221,False,False
26b,n6,mbpp-034,mbpp,True,False,False,20,20.0,0.821917808219178,12,True,True
26b,n6,mbpp-035,mbpp,True,True,True,119,,1.0,0,True,True
26b,n6,mbpp-036,mbpp,True,True,True,35,,1.0,0,True,True
26b,n6,mbpp-037,mbpp,True,True,True,45,,1.0,0,True,True
26b,n6,mbpp-038,mbpp,True,True,True,58,,1.0,0,True,True
26b,n6,mbpp-039,mbpp,True,True,True,35,,1.0,0,True,True
26b,n4,gsm8k-000,gsm8k,True,False,False,42,42.0,0.7647058823529411,7,True,True
26b,n4,gsm8k-001,gsm8k,True,False,False,42,42.0,0.7614906832298136,34,True,True
26b,n4,gsm8k-002,gsm8k,True,False,False,218,218.0,0.9491525423728814,16,True,True
26b,n4,gsm8k-003,gsm8k,True,False,False,11,11.0,0.8318912237330037,14,True,True
26b,n4,gsm8k-004,gsm8k,True,True,True,127,,1.0,0,True,True
26b,n4,gsm8k-005,gsm8k,True,True,True,162,,1.0,0,True,True
26b,n4,gsm8k-006,gsm8k,True,True,True,148,,1.0,0,True,True
26b,n4,gsm8k-007,gsm8k,True,True,True,200,,1.0,0,True,True
26b,n4,gsm8k-008,gsm8k,True,False,False,65,65.0,0.9254966887417219,12,True,True
26b,n4,gsm8k-009,gsm8k,True,False,False,259,259.0,0.6876876876876876,0,False,False
26b,n4,gsm8k-010,gsm8k,True,False,False,10,10.0,0.8461538461538461,-10,True,True
26b,n4,gsm8k-011,gsm8k,True,False,False,3,3.0,0.515,6,True,True
26b,n4,gsm8k-012,gsm8k,True,True,True,91,,1.0,0,True,True
26b,n4,gsm8k-013,gsm8k,True,True,True,146,,1.0,0,True,True
26b,n4,gsm8k-014,gsm8k,True,True,True,291,,1.0,0,True,True
26b,n4,gsm8k-015,gsm8k,True,True,True,121,,1.0,0,True,True
26b,n4,gsm8k-016,gsm8k,True,False,False,47,47.0,0.20995962314939431,-367,False,False
26b,n4,gsm8k-017,gsm8k,True,False,False,51,51.0,0.9273743016759777,0,True,True
26b,n4,gsm8k-018,gsm8k,True,True,True,79,,1.0,0,True,True
26b,n4,gsm8k-019,gsm8k,True,False,False,43,43.0,0.7069597069597069,7,True,True
26b,n4,gsm8k-020,gsm8k,True,False,False,14,14.0,0.9464285714285714,-6,True,True
26b,n4,gsm8k-021,gsm8k,True,False,False,96,96.0,0.9887640449438202,0,True,True
26b,n4,gsm8k-022,gsm8k,True,False,False,55,55.0,0.8584729981378026,-17,True,True
26b,n4,gsm8k-023,gsm8k,True,True,True,342,,1.0,0,True,True
26b,n4,gsm8k-024,gsm8k,True,True,True,156,,1.0,0,True,True
26b,n4,gsm8k-025,gsm8k,True,True,True,155,,1.0,0,True,True
26b,n4,gsm8k-026,gsm8k,True,False,False,35,35.0,0.8565683646112601,18,True,True
26b,n4,gsm8k-027,gsm8k,True,False,False,131,131.0,0.9798270893371758,0,True,True
26b,n4,gsm8k-028,gsm8k,True,False,False,78,78.0,0.9919678714859438,0,True,True
26b,n4,gsm8k-029,gsm8k,True,True,True,84,,1.0,0,True,True
26b,n4,gsm8k-030,gsm8k,True,True,True,295,,1.0,0,True,True
26b,n4,gsm8k-031,gsm8k,True,False,False,108,108.0,0.9537414965986395,5,True,True
26b,n4,gsm8k-032,gsm8k,True,True,True,194,,1.0,0,True,True
26b,n4,gsm8k-033,gsm8k,True,False,False,48,48.0,0.8596187175043327,26,True,True
26b,n4,gsm8k-034,gsm8k,True,False,False,20,20.0,0.9333333333333333,-12,False,False
26b,n4,gsm8k-035,gsm8k,True,False,False,113,113.0,0.9932627526467758,1,False,False
26b,n4,gsm8k-036,gsm8k,True,True,True,164,,1.0,0,True,True
26b,n4,gsm8k-037,gsm8k,True,False,False,178,178.0,0.6521739130434783,109,False,False
26b,n4,gsm8k-038,gsm8k,True,False,False,13,13.0,0.4508758568164509,132,False,True
26b,n4,gsm8k-039,gsm8k,True,False,False,96,96.0,0.8897818599311137,-15,True,True
26b,n4,gsm8k-040,gsm8k,True,True,True,193,,1.0,0,True,True
26b,n4,gsm8k-041,gsm8k,True,True,True,77,,1.0,0,True,True
26b,n4,gsm8k-042,gsm8k,True,False,False,118,118.0,0.8968253968253969,11,True,True
26b,n4,gsm8k-043,gsm8k,True,True,True,158,,1.0,0,True,True
26b,n4,gsm8k-044,gsm8k,True,False,False,11,11.0,0.49578820697954273,-58,True,True
26b,n4,gsm8k-045,gsm8k,True,True,True,184,,1.0,0,True,True
26b,n4,gsm8k-046,gsm8k,True,False,False,3,3.0,0.7433962264150944,-2,True,True
26b,n4,gsm8k-047,gsm8k,True,True,True,89,,1.0,0,True,True
26b,n4,gsm8k-048,gsm8k,True,False,False,25,25.0,0.9797160243407708,-2,True,True
26b,n4,gsm8k-049,gsm8k,True,True,True,155,,1.0,0,True,True
26b,n4,gsm8k-050,gsm8k,True,True,True,156,,1.0,0,False,False
26b,n4,gsm8k-051,gsm8k,True,True,True,231,,1.0,0,True,True
26b,n4,gsm8k-052,gsm8k,True,False,False,50,50.0,0.9775910364145658,2,True,True
26b,n4,gsm8k-053,gsm8k,True,False,False,29,29.0,0.9205202312138728,-12,True,True
26b,n4,gsm8k-054,gsm8k,True,True,True,250,,1.0,0,True,True
26b,n4,gsm8k-055,gsm8k,True,True,True,161,,1.0,0,True,True
26b,n4,gsm8k-056,gsm8k,True,True,True,205,,1.0,0,True,True
26b,n4,gsm8k-057,gsm8k,True,False,False,129,129.0,0.9506726457399103,7,True,True
26b,n4,gsm8k-058,gsm8k,True,False,False,29,29.0,0.5106382978723405,0,True,True
26b,n4,gsm8k-059,gsm8k,True,True,True,226,,1.0,0,True,True
26b,n4,mmlu_pro-000,mmlu_pro,True,True,True,5,,1.0,0,False,False
26b,n4,mmlu_pro-001,mmlu_pro,True,True,True,5,,1.0,0,True,True
26b,n4,mmlu_pro-002,mmlu_pro,True,True,True,5,,1.0,0,False,False
26b,n4,mmlu_pro-003,mmlu_pro,True,True,True,5,,1.0,0,True,True
26b,n4,mmlu_pro-004,mmlu_pro,True,True,True,5,,1.0,0,True,True
26b,n4,mmlu_pro-005,mmlu_pro,False,True,True,5,,1.0,0,False,False
26b,n4,mmlu_pro-006,mmlu_pro,True,True,True,5,,1.0,0,True,True
26b,n4,mmlu_pro-007,mmlu_pro,True,True,True,5,,1.0,0,False,False
26b,n4,mmlu_pro-008,mmlu_pro,True,True,True,5,,1.0,0,True,True
26b,n4,mmlu_pro-009,mmlu_pro,True,True,True,5,,1.0,0,True,True
26b,n4,mmlu_pro-010,mmlu_pro,True,True,True,5,,1.0,0,True,True
26b,n4,mmlu_pro-011,mmlu_pro,True,True,True,5,,1.0,0,False,False
26b,n4,mmlu_pro-012,mmlu_pro,True,True,True,5,,1.0,0,False,False
26b,n4,mmlu_pro-013,mmlu_pro,True,True,True,5,,1.0,0,True,True
26b,n4,mmlu_pro-014,mmlu_pro,True,True,True,5,,1.0,0,True,True
26b,n4,mmlu_pro-015,mmlu_pro,True,True,True,5,,1.0,0,True,True
26b,n4,mmlu_pro-016,mmlu_pro,True,True,True,5,,1.0,0,True,True
26b,n4,mmlu_pro-017,mmlu_pro,True,True,True,5,,1.0,0,False,False
26b,n4,mmlu_pro-018,mmlu_pro,True,True,True,5,,1.0,0,False,False
26b,n4,mmlu_pro-019,mmlu_pro,True,True,True,5,,1.0,0,False,False
26b,n4,mmlu_pro-020,mmlu_pro,True,True,True,5,,1.0,0,False,False
26b,n4,mmlu_pro-021,mmlu_pro,True,True,True,5,,1.0,0,True,True
26b,n4,mmlu_pro-022,mmlu_pro,True,True,True,5,,1.0,0,True,True
26b,n4,mmlu_pro-023,mmlu_pro,True,True,True,5,,1.0,0,False,False
26b,n4,mmlu_pro-024,mmlu_pro,True,True,True,5,,1.0,0,False,False
26b,n4,mmlu_pro-025,mmlu_pro,True,True,True,5,,1.0,0,True,True
26b,n4,mmlu_pro-026,mmlu_pro,True,True,True,5,,1.0,0,False,False
26b,n4,mmlu_pro-027,mmlu_pro,True,True,True,5,,1.0,0,False,False
26b,n4,mmlu_pro-028,mmlu_pro,True,True,True,5,,1.0,0,True,True
26b,n4,mmlu_pro-029,mmlu_pro,True,True,True,5,,1.0,0,True,True
26b,n4,mmlu_pro-030,mmlu_pro,True,True,True,5,,1.0,0,True,True
26b,n4,mmlu_pro-031,mmlu_pro,True,True,True,5,,1.0,0,True,True
26b,n4,mmlu_pro-032,mmlu_pro,True,True,True,5,,1.0,0,True,True
26b,n4,mmlu_pro-033,mmlu_pro,True,True,True,5,,1.0,0,True,True
26b,n4,mmlu_pro-034,mmlu_pro,True,True,True,5,,1.0,0,False,False
26b,n4,mmlu_pro-035,mmlu_pro,True,True,True,5,,1.0,0,True,True
26b,n4,mmlu_pro-036,mmlu_pro,True,True,True,5,,1.0,0,True,True
26b,n4,mmlu_pro-037,mmlu_pro,True,True,True,5,,1.0,0,True,True
26b,n4,mmlu_pro-038,mmlu_pro,True,True,True,5,,1.0,0,True,True
26b,n4,mmlu_pro-039,mmlu_pro,True,True,True,5,,1.0,0,True,True
26b,n4,mmlu_pro-040,mmlu_pro,True,True,True,5,,1.0,0,True,True
26b,n4,mmlu_pro-041,mmlu_pro,True,True,True,5,,1.0,0,True,True
26b,n4,mmlu_pro-042,mmlu_pro,True,True,True,5,,1.0,0,False,False
26b,n4,mmlu_pro-043,mmlu_pro,True,True,True,5,,1.0,0,True,True
26b,n4,mmlu_pro-044,mmlu_pro,True,True,True,5,,1.0,0,True,True
26b,n4,mmlu_pro-045,mmlu_pro,True,True,True,5,,1.0,0,True,True
26b,n4,mmlu_pro-046,mmlu_pro,True,True,True,5,,1.0,0,False,False
26b,n4,mmlu_pro-047,mmlu_pro,True,True,True,5,,1.0,0,True,True
26b,n4,mmlu_pro-048,mmlu_pro,True,True,True,5,,1.0,0,True,True
26b,n4,mmlu_pro-049,mmlu_pro,True,True,True,5,,1.0,0,False,False
26b,n4,mmlu_pro-050,mmlu_pro,True,True,True,5,,1.0,0,False,False
26b,n4,mmlu_pro-051,mmlu_pro,True,True,True,5,,1.0,0,False,False
26b,n4,mmlu_pro-052,mmlu_pro,True,True,True,5,,1.0,0,True,True
26b,n4,mmlu_pro-053,mmlu_pro,True,True,True,5,,1.0,0,False,False
26b,n4,mmlu_pro-054,mmlu_pro,True,True,True,5,,1.0,0,False,False
26b,n4,mmlu_pro-055,mmlu_pro,True,True,True,5,,1.0,0,True,True
26b,n4,mmlu_pro-056,mmlu_pro,True,True,True,5,,1.0,0,True,True
26b,n4,mmlu_pro-057,mmlu_pro,True,True,True,5,,1.0,0,True,True
26b,n4,mmlu_pro-058,mmlu_pro,True,True,True,5,,1.0,0,True,True
26b,n4,mmlu_pro-059,mmlu_pro,True,True,True,5,,1.0,0,False,False
26b,n4,ifeval-000,ifeval,True,False,False,87,87.0,0.7309734513274336,-1,True,True
26b,n4,ifeval-001,ifeval,True,False,False,12,12.0,0.3958602846054333,-5,True,True
26b,n4,ifeval-002,ifeval,True,False,False,151,151.0,0.9424,-2,True,True
26b,n4,ifeval-003,ifeval,True,False,False,86,86.0,0.4455279085406859,-99,True,True
26b,n4,ifeval-004,ifeval,True,False,False,63,63.0,0.7786624203821656,-15,True,True
26b,n4,ifeval-005,ifeval,True,False,False,20,20.0,0.584070796460177,-25,True,True
26b,n4,ifeval-006,ifeval,True,False,False,85,85.0,0.9815303430079155,-1,True,True
26b,n4,ifeval-007,ifeval,True,False,False,34,34.0,0.9386503067484663,0,False,False
26b,n4,ifeval-008,ifeval,True,False,False,21,21.0,0.5613636363636363,-3,False,False
26b,n4,ifeval-009,ifeval,True,False,False,97,97.0,0.6711790393013101,17,True,True
26b,n4,ifeval-010,ifeval,True,False,False,4,4.0,0.3022508038585209,22,True,True
26b,n4,ifeval-011,ifeval,True,False,False,17,17.0,0.9781021897810219,0,True,True
26b,n4,ifeval-012,ifeval,True,False,False,99,99.0,0.6761710794297353,38,True,True
26b,n4,ifeval-013,ifeval,True,False,False,9,9.0,0.3549107142857143,-12,True,True
26b,n4,ifeval-014,ifeval,True,False,False,40,40.0,0.4173363949483353,-66,True,True
26b,n4,ifeval-015,ifeval,True,False,False,33,33.0,0.6133333333333333,-6,True,True
26b,n4,ifeval-016,ifeval,True,True,True,3,,1.0,0,False,False
26b,n4,ifeval-017,ifeval,True,False,False,6,6.0,0.4820636839983877,-40,True,True
26b,n4,ifeval-018,ifeval,True,False,False,49,49.0,0.38975424022152994,-13,False,False
26b,n4,ifeval-019,ifeval,True,False,False,2,2.0,0.2536427415002699,9,True,True
26b,n4,ifeval-020,ifeval,True,False,False,24,24.0,0.39157245632065774,-8,True,False
26b,n4,ifeval-021,ifeval,True,False,False,35,35.0,0.47536945812807885,3,True,True
26b,n4,ifeval-022,ifeval,True,False,False,30,30.0,0.7583187390542907,-10,True,True
26b,n4,ifeval-023,ifeval,True,False,False,23,23.0,0.35081502480510274,21,True,True
26b,n4,ifeval-024,ifeval,True,False,False,21,21.0,0.33779761904761907,-35,True,True
26b,n4,ifeval-025,ifeval,True,False,False,8,8.0,0.33492442322991245,57,True,True
26b,n4,ifeval-026,ifeval,True,False,False,14,14.0,0.41509433962264153,18,True,True
26b,n4,ifeval-027,ifeval,True,False,False,48,48.0,0.31886285055704955,-33,False,False
26b,n4,ifeval-028,ifeval,True,False,False,21,21.0,0.3155996393146979,0,True,True
26b,n4,ifeval-029,ifeval,True,False,False,6,6.0,0.3243922883487007,-28,True,True
26b,n4,ifeval-030,ifeval,True,False,False,34,34.0,0.7811466372657111,-86,True,True
26b,n4,ifeval-031,ifeval,True,False,False,34,34.0,0.6009280742459397,18,True,True
26b,n4,ifeval-032,ifeval,True,True,True,17,,1.0,0,True,True
26b,n4,ifeval-033,ifeval,True,True,True,26,,1.0,0,True,True
26b,n4,ifeval-034,ifeval,True,False,False,35,35.0,0.5757042253521127,-5,True,True
26b,n4,ifeval-035,ifeval,True,False,False,24,24.0,0.8928571428571429,4,True,True
26b,n4,ifeval-036,ifeval,True,False,False,13,13.0,0.5145228215767634,-11,True,True
26b,n4,ifeval-037,ifeval,True,False,False,48,48.0,0.43072776280323455,-21,True,True
26b,n4,ifeval-038,ifeval,True,True,True,22,,1.0,0,True,True
26b,n4,ifeval-039,ifeval,True,False,False,12,12.0,0.6691176470588236,-5,True,True
26b,n4,mbpp-000,mbpp,True,True,True,26,,1.0,0,True,True
26b,n4,mbpp-001,mbpp,True,True,True,97,,1.0,0,True,True
26b,n4,mbpp-002,mbpp,True,True,True,101,,1.0,0,True,True
26b,n4,mbpp-003,mbpp,True,True,True,26,,1.0,0,True,True
26b,n4,mbpp-004,mbpp,True,True,True,53,,1.0,0,False,False
26b,n4,mbpp-005,mbpp,True,True,True,54,,1.0,0,False,False
26b,n4,mbpp-006,mbpp,True,False,False,88,88.0,0.9490131578947368,-3,True,True
26b,n4,mbpp-007,mbpp,True,False,False,15,15.0,0.35362014690451204,0,False,False
26b,n4,mbpp-008,mbpp,True,True,True,37,,1.0,0,True,True
26b,n4,mbpp-009,mbpp,True,False,False,46,46.0,0.09937456567060454,428,True,False
26b,n4,mbpp-010,mbpp,True,False,False,217,217.0,0.7098765432098766,10,True,True
26b,n4,mbpp-011,mbpp,True,True,True,54,,1.0,0,True,True
26b,n4,mbpp-012,mbpp,True,True,True,108,,1.0,0,True,True
26b,n4,mbpp-013,mbpp,True,True,True,119,,1.0,0,True,True
26b,n4,mbpp-014,mbpp,True,True,True,136,,1.0,0,False,False
26b,n4,mbpp-015,mbpp,True,False,False,23,23.0,0.8,-12,True,True
26b,n4,mbpp-016,mbpp,True,False,False,28,28.0,0.8762886597938144,4,True,True
26b,n4,mbpp-017,mbpp,True,False,False,71,71.0,0.812061711079944,-39,True,True
26b,n4,mbpp-018,mbpp,True,False,False,70,70.0,0.8385579937304075,-12,True,True
26b,n4,mbpp-019,mbpp,True,False,False,83,83.0,0.5032967032967033,-126,True,True
26b,n4,mbpp-020,mbpp,True,True,True,39,,1.0,0,True,True
26b,n4,mbpp-021,mbpp,True,True,True,89,,1.0,0,True,True
26b,n4,mbpp-022,mbpp,True,True,True,36,,1.0,0,True,True
26b,n4,mbpp-023,mbpp,True,False,False,158,158.0,0.9369527145359019,0,False,False
26b,n4,mbpp-024,mbpp,True,False,False,114,114.0,0.8740416210295728,-8,True,True
26b,n4,mbpp-025,mbpp,True,True,True,80,,1.0,0,True,True
26b,n4,mbpp-026,mbpp,True,True,True,70,,1.0,0,True,True
26b,n4,mbpp-027,mbpp,True,True,True,53,,1.0,0,True,True
26b,n4,mbpp-028,mbpp,True,True,True,113,,1.0,0,True,True
26b,n4,mbpp-029,mbpp,True,False,False,58,58.0,0.9342105263157895,-1,True,True
26b,n4,mbpp-030,mbpp,True,True,True,114,,1.0,0,True,True
26b,n4,mbpp-031,mbpp,True,True,True,48,,1.0,0,True,True
26b,n4,mbpp-032,mbpp,True,True,True,83,,1.0,0,True,True
26b,n4,mbpp-033,mbpp,True,False,False,44,44.0,0.38564026646928207,221,False,False
26b,n4,mbpp-034,mbpp,True,False,False,20,20.0,0.821917808219178,12,True,True
26b,n4,mbpp-035,mbpp,True,True,True,119,,1.0,0,True,True
26b,n4,mbpp-036,mbpp,True,True,True,35,,1.0,0,True,True
26b,n4,mbpp-037,mbpp,True,True,True,45,,1.0,0,True,True
26b,n4,mbpp-038,mbpp,True,True,True,58,,1.0,0,True,True
26b,n4,mbpp-039,mbpp,True,True,True,35,,1.0,0,True,True
